{
  "test": "enterprise-30-node",
  "nodes": 30,
  "writes_per_node": 5,
  "burst": {
    "wall_time_s": 9.088010787963867,
    "successful": 150,
    "failed": 0,
    "lock_contentions": 0,
    "avg_ms": 1195.9894800186157,
    "p50_ms": 539.3965244293213,
    "p99_ms": 6519.043922424316,
    "throughput_wps": 16.505262097472368,
    "developers_all_ok": 30,
    "developers_partial": 0,
    "developers_all_failed": 0
  },
  "staggered": {
    "wall_time_s": 14.85126519203186,
    "successful": 150,
    "failed": 0,
    "avg_ms": 952.9926029841105,
    "throughput_wps": 10.100149587287648
  },
  "integrity": {
    "total": 30,
    "readable": 30,
    "corrupt": 0
  }
}