{
  "test": "extreme-stress-3-node",
  "timestamp": "2026-05-23T17:58:22",
  "single_node": {
    "avg_ms": 295.5232048034668,
    "throughput_wps": 3.3838290318522866
  },
  "three_node_concurrent": {
    "total_writes": 90,
    "total_failures": 0,
    "lock_contentions": 0,
    "wall_time_s": 11.177669525146484,
    "aggregate_throughput_wps": 8.051767839219647,
    "per_node": {
      "node-alpha": {
        "times": [
          0.30855345726013184,
          0.2959754467010498,
          0.29139208793640137,
          0.303347110748291,
          0.2964818477630615,
          0.30123281478881836,
          0.29689812660217285,
          0.30588364601135254,
          0.30916500091552734,
          0.29461026191711426,
          0.3047914505004883,
          0.3059663772583008,
          0.2988431453704834,
          0.29584288597106934,
          0.29827237129211426,
          0.29778432846069336,
          0.29807543754577637,
          0.300537109375,
          0.30597496032714844,
          0.29967641830444336,
          0.30272650718688965,
          0.31861162185668945,
          0.2998783588409424,
          0.2993772029876709,
          0.30218029022216797,
          0.2951681613922119,
          0.2982478141784668,
          0.3011281490325928,
          0.3069589138031006,
          0.31298255920410156
        ],
        "failures": 0,
        "avg_ms": 301.5521287918091,
        "throughput": 3.316176224676556
      },
      "node-bravo": {
        "times": [
          0.5083117485046387,
          0.29111456871032715,
          0.3003215789794922,
          0.29610180854797363,
          0.29168272018432617,
          0.30036282539367676,
          0.292097806930542,
          0.3041985034942627,
          0.29172801971435547,
          0.2957470417022705,
          0.3059206008911133,
          0.30197787284851074,
          0.30147862434387207,
          0.299851655960083,
          0.29834723472595215,
          0.30127716064453125,
          0.30490756034851074,
          0.30532121658325195,
          0.3035721778869629,
          0.30219173431396484,
          0.308443546295166,
          0.30103015899658203,
          0.29775023460388184,
          0.2986328601837158,
          0.30416131019592285,
          0.29741382598876953,
          0.2943766117095947,
          0.303680419921875,
          0.29720354080200195,
          0.3207569122314453
        ],
        "failures": 0,
        "avg_ms": 307.33206272125244,
        "throughput": 3.2538095477105866
      },
      "node-charlie": {
        "times": [
          2.3157811164855957,
          0.29654455184936523,
          0.2959260940551758,
          0.3075852394104004,
          0.31206202507019043,
          0.30232787132263184,
          0.3021366596221924,
          0.3013589382171631,
          0.2971341609954834,
          0.2987861633300781,
          0.29845094680786133,
          0.29805803298950195,
          0.2994248867034912,
          0.29730796813964844,
          0.3154773712158203,
          0.30203771591186523,
          0.29992103576660156,
          0.2973315715789795,
          0.3029019832611084,
          0.29802417755126953,
          0.2945528030395508,
          0.3019144535064697,
          0.29587697982788086,
          0.5028343200683594,
          0.29142284393310547,
          0.29082441329956055,
          0.2940201759338379,
          0.2872600555419922,
          0.289459228515625,
          0.2901172637939453
        ],
        "failures": 0,
        "avg_ms": 372.562034924825,
        "throughput": 2.684116754413204
      }
    }
  },
  "failover": {
    "recovery_correct": false,
    "failover_correct": false
  },
  "lock_contention": {
    "lock_held_s": 10.019417762756348,
    "all_locked_out": true,
    "per_node": []
  },
  "integrity": {
    "total_checkpoints": 34,
    "readable": 30,
    "corrupt": 0
  },
  "overall_pass": false
}